key	l1_num	l2_num	activity_num	activity_item_num	item
1.01.A01.01	1	1	1	1	Formal early childhood development education for all children aged 03 to 05 years
1.01.A01.02	1	1	1	2	An Early Childhood Development Education Centre for every child within 2 km from their home or parent’s workplace
1.01.A01.03	1	1	1	3	Programs that foster the development of good habits, attitudes, and ethics, tailored to suit the physical and mental conditions of children, are essential for their successful integration into social life
1.01.A01.04	1	1	1	4	National language programs that include English and other national languages as languages of spoken communication in addition to the mother tongue.
1.01.A01.05	1	1	1	5	Adaptation programs to deal with multicultural diversity
1.01.A01.06	1	1	1	6	Activities that improve children’s health and nutritional status
1.01.A01.07	1	1	1	7	An Early Childhood Development Regulatory Agency to regulate Early Childhood Development Centres
1.01.A01.08	1	1	1	8	Mandatory professional training with minimum educational qualifications and a minimum salary for Early Childhood Development Centre Wardens and teachers.
1.01.A01.09	1	1	1	9	A formal national institute and branch system for training Early Childhood Development professionals.
1.01.A03.01	1	1	3	1	Primary education from year 1 to year 5
1.01.A03.02	1	1	3	2	Junior Secondary Education from 6th to 9th year
1.01.A03.03	1	1	3	3	Senior Secondary (Lower) Education from Year 10 to Year 11
1.01.A03.04	1	1	3	4	Senior Secondary (Higher) Education from Years 12 to 13
1.01.A04.01	1	1	4	1	A government school system for primary education within 3 km of one’s home or parents’ place of work.
1.01.A04.02	1	1	4	2	A student-centred education that stimulates intellectual curiosity and knowledge development without disrupting childhood.
1.01.A04.03	1	1	4	3	It is the responsibility of the government to provide physical and human resources to schools to maintain minimum facilities.
1.01.A04.04	1	1	4	4	A school transport system following requirements and accepted standards.
1.01.A05.01	1	1	5	1	A junior secondary school system and a senior secondary school system covering or 3 primary schools, considering population and geographical location.
1.01.A05.02	1	1	5	2	Major subjects to enable children to choose higher education or vocational education according to their abilities and special skills.
1.01.A05.03	1	1	5	3	A student-centred education that develops students’ intellectual skills related to their age groups.
1.01.A05.04	1	1	5	4	Additional subjects and activities to foster social values and civic responsibility.
1.01.A05.05	1	1	5	5	Educational programs about major religions in Sri Lanka, as well as education about the student’s own religion.
1.01.A05.06	1	1	5	6	Age-appropriate sexual and reproductive health education.
1.01.A05.07	1	1	5	7	Development of attitudes towards culture, environmentalism, and nature conservation.
1.01.A05.08	1	1	5	8	Programs that provide experience in innovation.
1.01.A06.01	1	1	6	1	The opportunity for students to select between general streams such as science, arts, commerce, and technology or vocational education (directly applicable to a career) based on the results of the national level examination conducted in the ninth year and school-based continuous assessment reports.
1.01.A06.02	1	1	6	2	Flexible curriculum allowing students to switch from one stream to another during their senior secondary (lower) education.
1.01.A06.03	1	1	6	3	Subjects specific to education streams and common subjects that will foster general skills such as technological literacy, languages, life skills, literature, and basic law.
1.01.A06.04	1	1	6	4	A learning environment that trains children to work while accommodating and respecting cultural diversity
1.01.A06.05	1	1	6	5	Development of knowledge and practical skills required for innovation, life skills, and social contribution.
1.01.A06.06	1	1	6	6	Programs to maintain the physical and emotional balance of children.
1.01.A06.07	1	1	6	7	Sexual and reproductive health education tailored for youth
1.01.A06.08	1	1	6	8	Understanding of access to legal counselling services and other social support systems when necessary.
1.01.A07.01	1	1	7	1	A National Examination Evaluation Center with all technological and physical facilities.
1.01.A07.02	1	1	7	2	An annual school calendar to ensure national examination evaluation activities are completed within one month and results are provided within two months.
1.01.A07.03	1	1	7	3	A payment system that reflects the intellectual contribution of examiners involved in the examination evaluation process.
1.01.A07.04	1	1	7	4	Regularize and broaden the scope of the National Institute of Education for curriculum development, professional development of teachers and educational research & policy formulations.
1.01.A07.05	1	1	7	5	A fully equipped Curriculum Development Unit for curriculum development within the National Institute of Education.
1.01.A08.01	1	1	8	1	Eliminate teacher and principal pay disparity promptly.
1.01.A08.02	1	1	8	2	Establish a teacher service constitution and a teacher council.
1.01.A08.03	1	1	8	3	Position the teaching profession among the 10 highest-paying professions.
1.01.A08.04	1	1	8	4	One year of professional training in the teaching-learning process before entering the teaching profession.
1.01.A08.05	1	1	8	5	Establish a National University of Education by merging all Colleges of Education and Teacher Training Colleges.
1.01.A08.06	1	1	8	6	Conduct training programs every three years.
1.01.A08.07	1	1	8	7	Create a coordination structure between institutions to ensure that curriculum development, textbook development, and assessment processes are linked and maintained.
1.01.A08.08	1	1	8	8	Establish a strong structure within the school system to address sexual or other forms of violence faced by all communities.
1.01.A09.01	1	1	9	1	A vocational education process that directs students toward specific fields of employment by acquiring practical knowledge in general professional areas.
1.01.A09.02	1	1	9	2	Parallel to the general education stream, a vocational education stream from year 10 to year 13, preparing students to work in fields such as construction and infrastructure, creative industries, primary industries, service industries, social and community services, and manufacturing and technology.
1.01.A09.03	1	1	9	3	A Vocational Education Regulatory Department consisting of professionals to advise on the qualitative and quantitative changes needed in the vocational education sector, considering job market demands and global trends.
1.01.A12.01	1	1	12	1	While respecting the freedom of universities, University Grants Commission (UGC) guides the preparations of academic courses in line with national policies.
1.01.A12.02	1	1	12	2	Appointing the Chairman and other members of the UGC ensuring representation of social diversity.
1.01.A12.03	1	1	12	3	Instead of appointing vice-chancellors based on political connections, a new method will be implemented to uphold the honour of universities
1.01.A12.04	1	1	12	4	Appoint independent individuals as external governing council members of universities by the University Grants Commission.
1.01.A12.05	1	1	12	5	Members of governing councils of universities to ensure diverse professional fields and gender representation.
1.01.A12.06	1	1	12	6	A pool of commonly recommended names from recognized professional bodies for appointing Council members.
1.01.A12.07	1	1	12	7	Appointing a retired person from a university to the governing body of that university, with only those retired at least five years ago being considered.
1.01.A12.08	1	1	12	8	A student representative elected by students of the respective university to the Governing Body limiting space only for welfare and other student affairs.
1.01.A12.09	1	1	12	9	Limiting the tenure of a Council member to a maximum of two consecutive terms.
1.01.A12.10	1	1	12	10	Faculty members who are qualified as Head of Department or Senior Lecturer with at least three years’ experience have the opportunity to be appointed as Dean.
1.01.A12.11	1	1	12	11	Limiting the term of a dean to a maximum of two consecutive terms.
1.01.A12.12	1	1	12	12	Abolition of non-academic staff recruitment on the recommendations of the minister in charge.
1.01.A12.13	1	1	12	13	Mechanisms at faculty and university levels to address academic, non-academic, and student community grievances and make appropriate recommendations.
1.01.A12.14	1	1	12	14	Eliminating delays in enrolling students to universities.
1.01.A12.15	1	1	12	15	Gradually expanding the tertiary education system so that minimum qualifications for each course are identified and those who meet these qualifications are given opportunities
1.01.A12.16	1	1	12	16	Provide necessary provisions to prepare internet facilities in tertiary education institutes, lecture halls, laboratories, libraries, and cafeterias according to proper standards.
1.01.A12.17	1	1	12	17	Establish special units in every tertiary education institution to provide basic qualifications, including English language skills, required for obtaining post- graduate education in international universities and fostering relationships that will allow students to secure post-graduate opportunities through these units
1.01.A12.18	1	1	12	18	Offer 200 scholarships per year for high school graduates to pursue degrees at internationally ranked universities.
1.01.A12.19	1	1	12	19	Implement an integrated mechanism to prevent sexual or other forms of harassment of youth in tertiary education institutions.
1.01.A12.20	1	1	12	20	Provide facilities for students with disabilities to receive education by recognized international standards.
1.01.A12.21	1	1	12	21	Increasing Mahapola and other bursaries in line with cost of living.
1.01.A13.01	1	1	13	1	A university for postgraduate research and development.
1.01.A13.02	1	1	13	2	Provision of necessary financial and physical resources to strengthen postgraduate education and research.
1.01.A13.03	1	1	13	3	Encourage private sector contributions to strengthen research related to industries and service sectors.
1.01.A14.01	1	1	14	1	A vocational education university system for those who pass the tertiary education entrance examination after completing senior secondary education.
1.01.A14.02	1	1	14	2	Merge nursing schools into a national nursing university.
1.01.A16.01	1	1	16	1	Community educatio nal centres in each divisional secretariat area, integrated with local educational institutions, libraries, and cultural centres.
1.01.A16.02	1	1	16	2	Educational programs for citizens on fundamental laws in Sinhala, Tamil, and English, as well as on information technology and the use of technological tools.
1.02.A01.01	1	2	1	1	Gradually increase government expenditure on health to at least 3% of the GDP within a short period.
1.02.A01.02	1	2	1	2	Utilize funds efficiently and transparently while actively combating corruption in the health sector.
1.02.A02.01	1	2	2	1	Digitize patient records and information to enhance the effectiveness and efficiency of the health services information system.
1.02.A02.02	1	2	2	2	Implement online registration for medical appointments to minimize waiting times at health services institutions.
1.02.A06.01	1	2	6	1	Implement a comprehensive package of activities to promote physical and mental well-being, ensuring a healthy life for the elderly population.
1.02.A06.02	1	2	6	2	Provide guidance and conduct counselling programs before retirement to maintain physical and mental health.
1.02.A06.03	1	2	6	3	Introduce specialized geriatric clinics in disease prevention institutions for elderly care.
1.02.A09.01	1	2	9	1	An extended cardiology unit, oncology unit, ophthalmic unit and nephrology unit with facilities in each district/province.
1.02.A10.01	1	2	10	1	Introduce a patient charter to ensure accountability of health workers and protect patients’ rights.
1.02.A10.02	1	2	10	2	Ensure quality health services to achieve “zero preventable deaths. ”
1.02.A10.03	1	2	10	3	Establish a service feedback unit to investigate complaints from patients and caregivers independently.
1.02.A12.01	1	2	12	1	Establish an efficient pharmaceutical testing laboratory to ensure drug safety.
1.02.A12.02	1	2	12	2	Expand local pharmaceutical production.
1.02.A12.03	1	2	12	3	Eliminate corruption and fraud during the import and distribution of medicines.
1.02.A12.04	1	2	12	4	Ensure the continuous supply of all essential medicines to public health institutions.
1.02.A12.05	1	2	12	5	Ensure the quality and fair pricing of medicines.
1.02.A12.06	1	2	12	6	Prevent drug shortages by maintaining adequate stock levels.
1.02.A12.07	1	2	12	7	Establish government-owned pharmacies in every town.
1.02.A13.01	1	2	13	1	Establish a mechanism for early detection of mental health disorders and referral for specialized care.
1.02.A13.02	1	2	13	2	Set up Primary Mental Health Care Centres in every Medical Officer of Health (MOH) area.
1.02.A13.03	1	2	13	3	Implement programs to promote mental health among children and adolescents, focusing on preventing substance abuse and violence.
1.02.A13.04	1	2	13	4	Promote community-based programs for treatment, follow-up, and family therapy for patients with mental disorders.
1.02.A14.01	1	2	14	1	Rehabilitation centers in every district.
1.02.A14.02	1	2	14	2	Provide community-based rehabilitation services, either within the patients’ own environment or in specialized centers.
1.02.A15.01	1	2	15	1	Provide home-based and institution-based palliative care services for patients with incurable diseases, including cancer and stroke.
1.02.A16.01	1	2	16	1	Implement special oral health promotion programs aimed at reducing Early Childhood Caries (ECC) among preschool children.
1.02.A17.01	1	2	17	1	Develop special programs targeting nutrition, oral health, tuberculosis control, and the prevention of alcohol, tobacco, and other substance abuse, along with health promotion for youth in plantation communities.
1.02.A18.01	1	2	18	1	Strengthen the administration and management of Ayurvedic hospitals to expand medical treatments in Ayurveda, Siddha Ayurveda, and Unani.
1.02.A18.02	1	2	18	2	Enhance Ayurvedic/Unani/Siddha laboratories to ensure uninterrupted production of medicines.
1.02.A18.03	1	2	18	3	Increase the treatment capacity of Ayurvedic hospitals, including the number of available beds.
1.02.A18.04	1	2	18	4	Expand the training system affiliated with Ayurvedic hospitals.
1.02.A18.05	1	2	18	5	Promote cultivation and research to support the production of indigenous medicines.
1.02.A18.06	1	2	18	6	Provide state support for new research on traditional treatment methods and medicines.
1.02.A20.01	1	2	20	1	Regulate all health services, including private medical services, to ensure the delivery of high-quality healthcare to patients.
1.05.A01.01	1	5	1	1	Distributing critically acclaimed publications that are appreciated and recognized at a national level to school and public libraries.
1.05.A01.02	1	5	1	2	Establishing well-developed libraries in every city and suburb to cultivate an active reading community.
1.05.A01.03	1	5	1	3	Reviving a literary magazine culture dedicated to literary criticism and appreciation.
1.05.A01.04	1	5	1	4	Encouraging authors and publishers to organize national and regional book fairs and participate in prominent international book fairs.
1.05.A01.05	1	5	1	5	Fostering a new generation of readers by organizing literary appreciation workshops for schoolteachers and students.
1.05.A01.06	1	5	1	6	Promoting the translation of outstanding world literature into Sinhala and Tamil and supporting those involved in such translations.
1.05.A01.07	1	5	1	7	Modernizing and reorganizing the National Archives by providing latest technological advancements.
1.05.A01.08	1	5	1	8	Supporting the management of digital knowledge repositories for e-publications and digital libraries affiliated with educational and research centers.
1.05.A01.09	1	5	1	9	Establishing a research fund for the literary arts sector, systematically providing resources for research, and organizing annual international research sessions.
1.05.A02.01	1	5	2	1	Reforming the National Film Corporation and establishing a National Film Institute.
1.05.A02.02	1	5	2	2	Modernizing cinema halls with an organized plan and ensuring that each district has three cinemas.
1.05.A02.03	1	5	2	3	Standardizing loans and other assistance for film and tele drama production.
1.05.A02.04	1	5	2	4	Ensuring fair and organized distribution of every cinematic work by following a systematic categorization .
1.05.A02.05	1	5	2	5	Establishing a classification board for film and television works to standardize content.
1.05.A02.06	1	5	2	6	Hosting an annual international film festival and supporting submissions to international festivals.
1.05.A02.07	1	5	2	7	Utilizing multi-purpose cultural centers to screen outstanding films and organizing discussions based on these screenings.
1.05.A02.08	1	5	2	8	Establishing a National Film and Television Study Institute for emerging filmmakers and creating a National Film Archive.
1.05.A02.09	1	5	2	9	Facilitating the reformation and integration of existing private film archives into a national archive network.
1.05.A02.10	1	5	2	10	Initiating film and television societies at the school level.
1.05.A02.11	1	5	2	11	Updating intellectual property laws related to film and television in line with international standards.
1.05.A02.12	1	5	2	12	Organizing an annual short film and mobile cinema festival and creating programs to gain knowledge and experience from international festivals.
1.05.A03.01	1	5	3	1	Establishing a National Institute for Research and Training in contemporary theatre arts.
1.05.A03.02	1	5	3	2	Maintaining a National Theatre Archive to systematically collect and preserve scripts, props, memorabilia, and recordings related to old and new theatre productions.
1.05.A03.03	1	5	3	3	Organizing grants and tax relief for theatre production and exhibition.
1.05.A03.04	1	5	3	4	Creating a structured plan to promote theatre from the grassroots level to the national level through a network of multi-purpose cultural centers.
1.05.A03.05	1	5	3	5	Constructing modern theatres with full facilities in every major city and upgrading existing ones to be part of this network.
1.05.A03.06	1	5	3	6	Promoting international scholarships related to theatre arts and organizing their distribution at regional and national levels.
1.05.A03.07	1	5	3	7	Develop programs to enhance appreciation of theatre and promote the concept of open-air theatre spaces.
1.05.A03.08	1	5	3	8	Providing facilities for alternative theatre spaces.
1.05.A04.01	1	5	4	1	Involving dance institutions, traditional dance schools and teachers, and veterans in the reform process of dance education.
1.05.A04.02	1	5	4	2	Establishing a National Institute dedicated to the preservation and promotion of dance and integrating it with multi-purpose cultural centres.
1.05.A04.03	1	5	4	3	Promote research on Sri Lankan folk dances and direct research towards international studies.
1.05.A04.04	1	5	4	4	Encouraging traditional dance forms
1.05.A04.05	1	5	4	5	Building a network of registered dance institutions.
1.05.A04.06	1	5	4	6	Facilitating international study opportunities related to dance and organizing scholarships.
1.05.A04.07	1	5	4	7	Identifying and promoting talented dancers from the rural level to the international stage.
1.05.A04.08	1	5	4	8	Printing trilingual academic texts on dance and encouraging international knowledge translation into Sinhala and Tamil.
1.05.A04.09	1	5	4	9	Providing facilities for the study, research, and preservation of both contemporary and traditional dance forms.
1.05.A05.01	1	5	5	1	Establishing a National Institute to oversee the preservation, study, and national and international research of past and present visual arts and photography.
1.05.A05.02	1	5	5	2	Facilitating participation in international conferences and exhibitions for artists.
1.05.A05.03	1	5	5	3	Setting up regional training centers and guiding these spaces towards professional opportunities.
1.05.A05.04	1	5	5	4	Promoting national and international markets for the visual arts and integrating them with the tourism industry. Establishing art societies from the school level and organizing competitions.
1.05.A06.01	1	5	6	1	Establishing a National Institute for the preservation and promotion of musical traditions.
1.05.A06.02	1	5	6	2	Promoting and preserving research on Sri Lankan folk music.
1.05.A06.03	1	5	6	3	Providing opportunities for the systematic study and research of preserved knowledge.
1.05.A06.04	1	5	6	4	Building a network of registered music institutions.
1.05.A06.05	1	5	6	5	Revising and updating intellectual property laws related to music and song creation.
1.05.A06.06	1	5	6	6	Facilitating international study and research opportunities in music and organizing scholarships.
1.05.A06.07	1	5	6	7	Maintaining a digital unit for preserving the original copies of every recorded song and musical creation.
1.05.A06.08	1	5	6	8	Securing the intellectual property rights of authors and composers by obtaining membership in collective management organizations in the music sector.
1.05.A07.01	1	5	7	1	Establishing a National Research Institute for intangible heritage and traditional arts, identifying and preserving existing heritage.
1.05.A07.02	1	5	7	2	Reforming and promoting regional knowledge, tools, gurukula, traditions, and human resources continuously from the regional level to the national and international levels.
1.05.A07.03	1	5	7	3	Developing programs to integrate tourism with this sector, to ensure that cultural heritage becomes a significant part of the tourism industry.
1.05.A07.04	1	5	7	4	Promoting sub-sectors related to intangible heritage, such as traditional medicine, production of eco-friendly products, entertainment industries, and mental wellness promotion.
1.05.A07.05	1	5	7	5	Fostering relationships with international universities and research institutions related to this field and facilitating postgraduate studies.
1.05.A07.06	1	5	7	6	Identifying, networking, and updating traditional artists, gurukuls, and craft institutions to ensure their continued relevance and vitality.
1.06.A01.01	1	6	1	1	Research on the impact of history, culture, and heritage on social and economic sectors
1.06.A01.02	1	6	1	2	Analysis of successful international practices that have integrated history, culture, and heritage into national development plans
1.06.A01.03	1	6	1	3	Assessment of the value of investing in national heritage values for social innovation, entrepreneurship, job creation, education, and international relations
1.06.A02.01	1	6	2	1	Organizing workshops and conferences to promote collaboration among government institutions, private sector, academic community, and local populations in the field of history, culture, and heritage
1.06.A02.02	1	6	2	2	Enhancing the understanding of cultural heritage and historical values among stakeholders beyond their current roles in protecting and managing cultural resources
1.06.A03.01	1	6	3	1	Organizing educational programs and distributing instructional materials to raise awareness of the value of history, culture, and heritage
1.06.A03.02	1	6	3	2	Incorporating topics related to history, culture, and heritage into school curricula and community-based education programs
1.07.A01.01	1	7	1	1	Designation and protection of ecologically sensitive areas
1.07.A01.02	1	7	1	2	Identification, management, and risk reduction of natural disaster-prone areas
1.07.A01.03	1	7	1	3	Development and implementation of scientifically developed sustainable land- use plans in agricultural, industrial and residential uses
1.07.A01.04	1	7	1	4	Conservation of areas with mineral resources for sustainable economic operations
1.07.A01.05	1	7	1	5	Implementation of existing guidelines for soil conservation and development of new recommendations as needed
1.07.A02.01	1	7	2	1	Studying the all kinds of water sources in Sri Lanka, conduct sensitivity assessments and conservation of sensitive water sources via Gazettes.
1.07.A02.02	1	7	2	2	Identification of causes of water pollution and adopting actions to minimize it
1.07.A02.03	1	7	2	3	Preparation of a basic water map based on data gathered by a chemical and physical parameters analysis of all water sources
1.07.A02.04	1	7	2	4	Activation of river systems for restoration and conservation of traditional water management practices.
1.07.A02.05	1	7	2	5	Calculation of minimum requirements for water storage and introducing methods for replenishing surface and underground water resources.
1.07.A02.06	1	7	2	6	Maintaining minimum environmental flow in rivers during domestic, agricultural, and industrial water usage.
1.07.A02.07	1	7	2	7	Introduction and regulation of scientific methods for treating wastewater from domestic and industrial activities.
1.07.A03.01	1	7	3	1	Complete termination of direct or indirect disposal of pollutants into the coastal and marine environment.
1.07.A03.02	1	7	3	2	Identification and protection of sensitive environmental systems in coastal zones.
1.07.A03.03	1	7	3	3	Scientifically determining and preserving the conservation zones of beaches and lagoons.
1.07.A03.04	1	7	3	4	Emergency preparedness plans with institutional leadership and community involvement to minimize the accidental marine environmental damages.
1.07.A03.05	1	7	3	5	Development of legal frameworks and procedures for assessing and compensating environmental damage caused by marine pollution.
1.07.A03.06	1	7	3	6	Implementation of laws as per the international Conventions and Treaties to ensure sustainable use of marine resources including fish and prevention of marine waters.
1.07.A03.07	1	7	3	7	Development of coastal areas and tourist attractions that are culturally significant, into well-developed beautiful ecological belts.
1.07.A03.08	1	7	3	8	Identification and protection of areas where marine life is naturally abundant and ensure maintaining the water quality parameters.
1.07.A04.01	1	7	4	1	Introduction of suitable and fast-growing timber species for maintaining the atmospheric balance.
1.07.A04.02	1	7	4	2	Planting, consumption, and replanting of trees to contribute to carbon sequestration.
1.07.A04.03	1	7	4	3	Promotion and regulation of alternative energy sources in industry and transportation sectors to minimize air pollution from stationery and mobile sources.
1.07.A04.04	1	7	4	4	Diplomatic intervention to avoid or mitigate trans boundary air pollution.
1.07.A04.05	1	7	4	5	Introduce programs to increase public awareness and perceptions to minimize air pollution
1.07.A05.01	1	7	5	1	Reviewing and update addressing weaknesses, deficiencies, and gaps in existing environmental regulations also aligning with international agreements and local environmental laws.
1.07.A05.02	1	7	5	2	Public Consultation will be made mandatory in conducting feasibility studies for development projects.
1.07.A05.03	1	7	5	3	Updating the criteria for environmental assessments ensuring the transparency of process.
1.07.A05.04	1	7	5	4	Implementing Strategic Environmental Assessments (SEAs).
1.07.A05.05	1	7	5	5	Raising public awareness about environmental policies and laws through printed, electronic, and social media.
1.07.A07.01	1	7	7	1	Management of forests on mountain ridges/ steep slopes with strict control on use of such for economic and social purposes.
1.07.A07.02	1	7	7	2	Reviewing ecosystems and developing a unified data system to highlight their environmental and economic importance.
1.07.A07.03	1	7	7	3	Conducting cost-benefit analysis and environmental assessment to determine whether to maintain, replace, or restore plantations in hilly areas.
1.07.A08.01	1	7	8	1	Management and conservation of all lands according to land-use policies and principles.
1.07.A08.02	1	7	8	2	Introduction of early warning systems for natural disasters, management of human activities, and implementation of compensation and insurance mechanisms,
1.07.A08.03	1	7	8	3	Promotion of community-based agroforestry, and agricultural plantation practices.
1.07.A09.01	1	7	9	1	Identification and documentation of wetlands in Sri Lanka and taking necessary steps for their conservation.
1.07.A09.02	1	7	9	2	Ensure conservation of existing and future Ramsar wetlands and enhance tourist attractions of them. Restoration of degraded wetlands through multi-stakeholder engagement and community participation.
1.07.A09.03	1	7	9	3	Strengthen inter-agency coordination for integrated wetland management activities.
1.07.A10.01	1	7	10	1	Reviewing and implementing national policies on mangrove ecosystems.
1.07.A10.02	1	7	10	2	Taking legal measures for the protection of mangrove ecosystems due to their ecological importance.
1.07.A11.01	1	7	11	1	Identification of integrated forest and wildlife conservation zones and establishing new protected areas.
1.07.A11.02	1	7	11	2	Providing public awareness to eliminate myths and unnecessary financial values given to elephant tusks, pearls, fibers and other animal parts.
1.07.A11.03	1	7	11	3	Improve natural habitats of wild animals to provide food and water for all wildlife to minimize their intrusion into villages.
1.07.A11.04	1	7	11	4	Introduce electric fences to prevent elephant movement to villages and maintain them with the help of community participation.
1.07.A11.05	1	7	11	5	Studying and managing human-wildlife conflicts, such as elephant-human interactions, with appropriate techniques and public involvement.
1.07.A11.06	1	7	11	6	Conducting studies on harmful wildlife such as monkeys and wild boar, and implementing necessary biological control methods.
1.07.A11.07	1	7	11	7	Improving facilities for ex-situ conservation and promoting public engagement and educational research
1.07.A11.08	1	7	11	8	Enhancing in-situ conservation facilities for plant and animal species
1.07.A11.09	1	7	11	9	Managing and conserving natural forest cover to maintain environmental services
1.07.A11.10	1	7	11	10	Controlling and preventing the spread of invasive species
1.07.A12.01	1	7	12	1	Updating legal frameworks and improving infrastructure for waste management in residential, agricultural, industrial and service sectors, based on zero waste 3R (Reduce, Reuse, Recycle) principles and circular economic concept
1.07.A12.02	1	7	12	2	Preparation and Implementation of a National Solid Waste Management Action plan, reviewing the current solid waste management plans and related policies
1.07.A12.03	1	7	12	3	Make it mandatory to adopt a waste management programs for residential, high- rise, service, and industrial buildings/ sector developments
1.07.A12.04	1	7	12	4	Reducing plastic and polythene use through extended producer responsibility schemes
1.07.A12.05	1	7	12	5	Proper management and safe disposal of hazardous and electronic waste
1.07.A12.06	1	7	12	6	Developing infrastructure for adopting modern final waste disposal methods like sanitary landfills, waste-to-energy and resource recovery facilities
1.07.A12.07	1	7	12	7	Promote industries to adopt the zero-waste method and locate every industry within the industrial zones whenever possible.
1.07.A13.01	1	7	13	1	Granting permits for non-commercial activities such as clearing extra land, obtaining soil to build foundations for home construction
1.07.A13.02	1	7	13	2	Allowing the removal and transportation of a tree planted in a home garden to obtain timber subject to conservation measures
1.07.A13.03	1	7	13	3	Introducing eco-friendly criteria for domestic animal husbandry.
1.07.A14.01	1	7	14	1	Conducting research and studies to reveal the inverse and reverse relationships between ecosystems, and its relations with humans
1.07.A14.02	1	7	14	2	Implementing formal and informal methods of environmental education
1.07.A14.03	1	7	14	3	Conducting research on ecosystems, publishing research results and obtaining patent rights and maintaining a genetic database of ecosystems and working to stop gene theft.
1.07.A14.04	1	7	14	4	Securing the attractive ecosystems for the tourism industry.
2.01.A02.01	2	1	2	1	Providing a minimum monthly financial grant from Rs. 10,000 upwards to low- income families
2.01.A02.02	2	1	2	2	Introduction of a participatory, transparent and efficient beneficiary selection process
2.01.A02.03	2	1	2	3	Introducing a digital platform for identifying eligible beneficiaries using new criteria within a year and providing financial assistance to all qualifying individuals.
2.01.A03.01	2	1	3	1	A comprehensive participatory study on the causes of poverty and family dynamics in low-income households.
2.01.A03.02	2	1	3	2	Identification, analysis and developing remedies for poverty and vulnerabilities at the household level through community-based projects.
2.01.A03.03	2	1	3	3	Facilitating the implementation of these projects through public-private partnerships and the involvement of the cooperative sector.
2.01.A03.04	2	1	3	4	Establishment of training, technical assistance and financial assistance for low- income families to initiate income generation and livelihood projects
2.01.A03.05	2	1	3	5	Efficient use of the Samurdhi Banking system and staff to empower poor families.
2.01.A03.06	2	1	3	6	Assigning a field officer for every 100 families for monitoring and to provide continuous sup port
2.01.A04.01	2	1	4	1	Providin g a monthly allowance of Rs. 5,000 to senior citizens needing assistance.
2.01.A04.02	2	1	4	2	Establishment of new elderly care centers at the divisional secretariat level.
2.01.A04.03	2	1	4	3	Government support and regulation of private care centers.
2.01.A04.04	2	1	4	4	Professional training for care workers and incentives for small and medium institutions involved in elderly care.
2.01.A04.05	2	1	4	5	Investment of retirement Funds, such as the Employee Provident Fund, in safe and high-return investments.
2.01.A04.06	2	1	4	6	Provision of incentives for financial and insurance services to ensure the safety of pension funds and continuous benefits.
2.01.A04.07	2	1	4	7	An interest rate that is 5% higher than the normal bank rate(s) for senior citizens’ fixed deposits. A Meaningful and Satisfactory Life for Persons with Disabilities
2.01.A04.08	2	1	4	8	Establishment of a comprehensive data-base, developed by experts, on persons with disabilities
2.01.A04.09	2	1	4	9	Provision of a monthly financial aid of Rs. 10,000 to persons with disabilities in low-income families.
2.01.A04.10	2	1	4	10	Facilitating education, training, employment, and livelihoods opportunities for persons with disabilities.
2.01.A05.01	2	1	5	1	Financial assistance for affected individuals (of the above categories) based on needs and income levels.
2.01.A05.02	2	1	5	2	Legal aid and counseling services are offered based on needs and requests.
2.01.A05.03	2	1	5	3	Provision of alternative housing and job support when needed.
2.01.A05.04	2	1	5	4	Establishment of mechanisms for social and psychological support for women affected by violence an d abuse.
2.01.A06.01	2	1	6	1	Creating a digital data repository of individuals with chronic illnesses such as cancer and kidney disease.
2.01.A06.02	2	1	6	2	A minimum monthly financial grant of Rs. 10,000 to persons with chronic illnesses on a needs basis.
2.01.A06.03	2	1	6	3	Professiona l support and social empowerment.
2.01.A07.01	2	1	7	1	Identifying low-income families with malnourished children.
2.01.A07.02	2	1	7	2	Educating parents about measures to combat malnutrition.
2.01.A07.03	2	1	7	3	Provision of financial assistance through field officers for obtaining nutritious food for families with urgent needs.
2.01.A08.01	2	1	8	1	Identifying pregnant women needing additional nutrition through community health services.
2.01.A08.02	2	1	8	2	Provision of financial support for nutritious food packages during pregnancy and the first year of childbirth for low-income families.
2.01.A08.03	2	1	8	3	Continuous awareness and monitoring by family health officers.
2.01.A09.01	2	1	9	1	Establishment of Childcare Centers at the Gramaniladari level with public and private partnerships based on needs and requests.
2.01.A09.02	2	1	9	2	Registration of existing institutions with adequate qualifications for childcare.
2.01.A09.03	2	1	9	3	Training of staff for the effective management of Childcare Centers and monitoring their performance.
2.01.A09.04	2	1	9	4	Appointment of social service/development officers to provide professional services and provision of incentives for small and medium scale entrepreneurs to provide such services.
2.01.A10.01	2	1	10	1	Development and implementation of a broad pension policy applicable to all workers in the country.
2.01.A10.02	2	1	10	2	Establishing a government-certified pension fund under the supervision of the Department of Pensions and the Central Bank.
2.01.A10.03	2	1	10	3	Motivating all citizens, who are currently not employed in the Government or Corporate sector such as farmers and fishermen and others to join the pension scheme.
2.01.A10.04	2	1	10	4	Using the pension fund as an insurance scheme during emergencies/disability.
2.02.A01.01	2	2	1	1	20,000 to the teaching profession.
2.02.A01.02	2	2	1	2	3,000 STEM graduates and 9,000 non-STEM graduates to the information technology sector.
2.02.A01.03	2	2	1	3	Another 3,000 to the Inland Revenue Department, Customs Department, Foreign Service, and tourism industry.
2.07.A01.01	2	7	1	1	Amend existing laws related to persons with disabilities, introduce new legislation, and enforce international conventions such as the UNCRDP (UN Convention on the Rights of Persons with Disabilities).
2.07.A01.02	2	7	1	2	Develop a national plan for persons with disabilities.
2.07.A01.03	2	7	1	3	Establish an evaluation framework to measure the effectiveness of services provided to persons with disabilities.
2.07.A01.04	2	7	1	4	Create an online information center to provide families of people with disabilities access to resources and information about government policies.
2.07.A01.05	2	7	1	5	Increase awareness, training, and support for persons with disabilities to use modern technology effectively.
2.07.A02.01	2	7	2	1	Provide high-quality, affordable, inclusive, and accessible early childhood education.
2.07.A02.02	2	7	2	2	Ensure inclusive education for school students with disabilities.
2.07.A02.03	2	7	2	3	Expand the knowledge and awareness of inclusive education among schoolteachers, NGO representatives, and university lecturers.
2.07.A02.04	2	7	2	4	Facilitate the inclusion of sign language-trained teachers in schools.
2.07.A02.05	2	7	2	5	Provide facilities for sign language interpreters in public and private institutions.
2.07.A02.06	2	7	2	6	Establish special education and child development resource centers in every educational zone.
2.07.A02.07	2	7	2	7	Ensure communication and IT facilities in primary and secondary schools for students with disabilities.
2.07.A02.08	2	7	2	8	Promote sports and extracurricular activities at provincial and national levels for students with disabilities.
2.07.A02.09	2	7	2	9	Offer tax incentives to non-profit care institutions for persons with disabilities.
2.07.A02.10	2	7	2	10	Provide vocational guidance and counseling services for persons with disabilities.
2.07.A03.01	2	7	3	1	Enforce the allocation of 3% of jobs in public and private sectors for the disabled community, and gradually increase this quota to 5%.
2.07.A03.02	2	7	3	2	Encourage employment opportunities, business ownership and development, self-employment, and entrepreneurship for persons with disabilities.
2.07.A03.03	2	7	3	3	Strengthen networks of persons with disabilities in workplaces to promote integration so that they can communicate their challenges with each other.
2.07.A03.04	2	7	3	4	Expand financial assistance for low-income families with persons with disabilities to engage in self-employment
2.07.A04.01	2	7	4	1	Providing professional skills and attitudes of healthcare providers to meet the healthcare needs of persons with disabilities.
2.07.A04.02	2	7	4	2	Improve accessibility to public spaces and services.
2.07.A04.03	2	7	4	3	Introduce health facilities for the early identification of autism and other developmental disabilities and intervene to minimize their development.
2.07.A04.04	2	7	4	4	Provide priority pass cards to facilitate the identification and access to services for persons with disabilities.
2.07.A04.05	2	7	4	5	Promotion of community-based rehabilitation services through rehabilitation hospitals at the Medical Officer of Health (MOH) level and district level
2.07.A05.01	2	7	5	1	Assist persons with disabilities when applying for government positions.
2.07.A05.02	2	7	5	2	Promote positive attitudes among transport staff and the public towards persons with disabilities in public transportation.
2.07.A05.03	2	7	5	3	Providing legal support and ensuring access to courts.
2.07.A06.01	2	7	6	1	Ensure the safety and accessibility of persons with disabilities when designing buildings.
2.07.A06.02	2	7	6	2	Expand opportunities for persons with disabilities to participate in social, religious, cultural activities, and recreational sports.
2.07.A06.03	2	7	6	3	Enforce standards and provide specialized transport services to facilitate the use of public and private transportation for persons with disabilities.
2.07.A06.04	2	7	6	4	Improve accessibility to online services for persons with disabilities.
2.07.A06.05	2	7	6	5	Encourage innovations that will benefit persons with disabilities.
2.07.A06.06	2	7	6	6	Offer tax exemptions to import assistive devices used by persons with disabilities.
2.07.A06.07	2	7	6	7	Recognize sign language as the language of communication for persons with hearing impairments.
2.07.A06.08	2	7	6	8	Create inclusive theaters and sports facilities to enhance the artistic and cultural participation of persons with disabilities.  
3.01.A02.01	3	1	2	1	Establish a new dedicated unit for designing and implementing tax policies with a special section on international transactions.
3.01.A02.02	3	1	2	2	Make required legal reforms to enhance efficiency in tax administration.
3.01.A02.03	3	1	2	3	Provide training and capacity development for the officials of the Inland Revenue Department.
3.01.A02.04	3	1	2	4	Implement measures to expedite the collection of taxes in arrears.
3.01.A02.05	3	1	2	5	Integrate the operations of the Excise Department, Sri Lanka Customs, Department of Motor Traffic, and Land Registry Office with the Inland Revenue Department to ensure tax efficiency and fairness.
3.01.A02.06	3	1	2	6	Introduce a unique digital identification code (UDI) to every citizen to liaise with the government to access public services.
3.01.A02.07	3	1	2	7	Increase the annual tax threshold for individual income tax from Rs. 1.2 million to Rs. 2.4 million and revise the tax rates and tax brackets on a fair basis.
3.01.A02.08	3	1	2	8	Broaden the tax base in line with tax principles.
3.01.A02.09	3	1	2	9	Increase the tax depreciation allowance for deductible expenses on the purchase of machinery and equipment up to 120% of capital expenditure for companies to stimulate production.
3.01.A02.10	3	1	2	10	Introduce Point of Sales (POS) systems and digital invoicing to streamline V AT collection.
3.01.A02.11	3	1	2	11	Introduce a 0% V AT rate for essential food items including locally produced milk & eggs, infant milk, drugs, schoolbooks, stationeries & equipment, magazines & journals, library services, agricultural equipment, fertilizer, solar panels & accessories, machinery for renewable energy generation, motor vehicle and equipment used by a disabled person, locally manufactured software and IT related services, and computers, research and development services, computers
3.01.A02.12	3	1	2	12	Categorize goods applicable for V AT and introduce a different tax rate for each category.
3.01.A02.13	3	1	2	13	Expedite providing Export Development Tax rebate on Input V AT for exporters.
3.01.A02.14	3	1	2	14	Switch to risk-based audits from the present discretionary tax audits.
3.01.A02.15	3	1	2	15	Introduce an online system for tax assessment, filing, paying, and refunding of excess tax incorporated with a mobile application.
3.01.A02.16	3	1	2	16	Establish a single window service by integrating other state institutions with Sri Lanka Customs to streamline import/export operations.
3.01.A02.17	3	1	2	17	Simplify the complex tariff structure to increase customs revenue on a fair basis.
3.01.A02.18	3	1	2	18	Amend the Foreign Exchange Act to reconcile remittance inflows and improve operational efficiency.
3.01.A02.19	3	1	2	19	Decentralize Sri Lanka Customs operations to provide more efficient and cost- effective services.
3.01.A02.20	3	1	2	20	Facilitate temporary import facilities for raw materials and machinery under the TIEP scheme to assist Micro Small and Medium Enterprises (MSMEs) in export preparation.
3.01.A02.21	3	1	2	21	Implement measures to prevent leakages and tax evasion on international transactions and transfer pricing and Automatic Exchange of Information (AEoI) among countries.
3.01.A02.22	3	1	2	22	Develop a mechanism to impose a global minimum tax on multinational companies based on international treaties and guidelines.
3.01.A02.23	3	1	2	23	Improve public finance efficiency, transparency, governance and accountability, and eliminate unnecessary public expenditure through digital-based governance including e-procurement and a strong public oversight mechanism.
3.01.A03.01	3	1	3	1	Establish a new ‘relief bank’ to restore the economic activities of MSMEs and provide relief for outstanding loans.
3.01.A03.02	3	1	3	2	Establish a new national development bank to provide long-term financing, start new businesses, and expand existing businesses for entrepreneurs.
3.01.A03.03	3	1	3	3	Direct cooperative banks, Samurddhi banks and regional development banks efficiently to provide financial facilities for small-scale farmers, entrepreneurs, and investors.
3.01.A03.04	3	1	3	4	Provide relief to deprived parties after reviewing microfinance loans provided in violation of legal provisions and guidelines given.
3.01.A03.05	3	1	3	5	Encourage microfinance providers to register with the Central Bank of Sri Lanka and standardize the monitoring of such institutions.
3.01.A03.06	3	1	3	6	Stabilize the policy interest rates to ensure stability of the financial markets, including the foreign exchange market.
3.01.A03.07	3	1	3	7	Introduce new financing schemes to formally invest bank money and savings in production economic activities.
3.01.A03.08	3	1	3	8	Strengthen the Financial Intelligence Unit (FIU) of the Central Bank of Sri Lanka through formalization of the coordination among state institutions.
3.01.A03.09	3	1	3	9	Recapitalize state banks to enhance the stability and efficiency.
3.01.A04.01	3	1	4	1	Introduce new savings and investment plans, including expatriate Bonds for Sri Lankans living abroad.
3.01.A04.02	3	1	4	2	Issue new development bonds to finance regional development projects which with sustainable development goals.
3.01.A04.03	3	1	4	3	Issue bonds to access funds for sustainable development projects by the global green and blue agendas.
3.01.A04.04	3	1	4	4	Expedite proposed and currently stalled Foreign Direct Investments (FDIs) that are aligned with national priorities and development strategies.
3.01.A04.05	3	1	4	5	Review existing trade agreements and enter into new ones to increase the share of foreign trade through export diversification.
3.01.A04.06	3	1	4	6	Execute an expedited program to increase foreign exchange earnings from tourism and IT industries.
3.01.A05.01	3	1	5	1	Renegotiate with the IMF on the content of a more palatable and strengthened programme and how it is implemented for salvaging the poor and deprived people from that painful condition.
3.01.A05.02	3	1	5	2	Prepare and present new proposals on efficient tax administration and government expenditure management to renegotiate the revenue-based fiscal consolidation proposals of the IMF.
3.01.A05.03	3	1	5	3	Prepare an alternative Debt Sustainability Analysis (DSA) aiming to maintain debt sustainability and to keep the interest at a bearable level for the purpose of using it as and when necessary, in pursuit of debt restructuring engagements.
3.01.A05.04	3	1	5	4	Conduct a detailed debt audit on foreign loans obtained by the governments to ensure transparency and accountability in public financial management and to take legal actions against those who have misappropriated such loans.
3.01.A05.05	3	1	5	5	Enhance public financial management and financial discipline to upgrade the credit rating of the country and the banking system.
3.01.A06.01	3	1	6	1	Establish a single empowered institution by integrating existing state institutions including the Board of Investment of Sri Lanka that coordinate and promote investments.
3.01.A06.02	3	1	6	2	Introduce a legal framework to ensure transparency and fairness in line with internationally accepted principles and practices for accepting and retaining investment.
3.01.A06.03	3	1	6	3	Create a conducive environment with economic democracy that ensures ease of entering into new businesses and finding locations on a level playing field, the ability to access utilities conveniently, the availability of required competent labour, efficient financial services, ability to enter into international trade, fair and transparent taxation, efficient conflict resolution & arbitration mechanism, and market competition.
3.01.A06.04	3	1	6	4	Establish a single window to facilitate business registration, issuance of licenses, certifications, granting of permission for land use, and provision of electricity, water, communication services and other facilities through an integrated system.
3.01.A06.05	3	1	6	5	Take measures to raise Sri Lanka’s ranking in the Global Competitive Index (GCI) to attract investors.
3.01.A06.06	3	1	6	6	Promote venture capital funds for new investment opportunities.
3.01.A06.07	3	1	6	7	Restructure the state institutional system to maintain the capital market efficient & productive, build investor confidence and prevent inside trading and corruption.
3.01.A06.08	3	1	6	8	Promote long-term foreign investments in public-private-people partnerships (PPPP) by prioritizing strategically important sectors.
3.01.A06.09	3	1	6	9	Introduce investment schemes with special benefits for Sri Lankan expatriates to invest their earnings.
3.01.A06.10	3	1	6	10	Provide appropriate tax concessions for initial public offerings (IPOs) for capital formation.
3.01.A06.11	3	1	6	11	Enhance and expand the capital market as an efficient and developed security exchange that facilitates SME listing conveniently, and ensures responsible reporting &compliance, transparency and governance.
3.01.A06.12	3	1	6	12	Protect employee rights including fair treatment, fair wages, and secured working conditions in compliance with the principles International Labour Organization (ILO).
3.01.A06.13	3	1	6	13	Enhance labour and production relations through collective efforts that empower employees via collaboration and cooperation, increase productivity, and assign responsibilities democratically to each party.
3.01.A06.14	3	1	6	14	Set up a mechanism to resolve conflicts and issues in production relations through stakeholder engagement.
3.01.A07.01	3	1	7	1	Take appropriate strategic decisions on each institution based on its strategic importance, potential for economic growth, capability to stimulate the production economy, impact on financial stability, and relevance to national security.
3.01.A07.02	3	1	7	2	Provide the public with access to comprehensive information on the operations of SOEs to ensure transparency.
3.01.A07.03	3	1	7	3	Promote research and development activities to explore new opportunities in economic trends, potentials, and developments prevailing at the national and international levels.
3.01.A08.01	3	1	8	1	Ensure continuous supply of high-quality goods and services to the public at fair prices through promoting market competitiveness, directing monitoring institutions efficiently, organizing market activities and representing government stake in operations.
3.01.A08.02	3	1	8	2	Establish large-scale economic and exchange centres at the district level.
3.01.A08.03	3	1	8	3	Establish a monitoring mechanism and an online information management system to ensure the continuation of trade of goods and services in a fair and high-quality manner, protection of consumer rights and transparency in trade- related information.
3.01.A08.04	3	1	8	4	Implement a coordinated service management mechanism to provide auxiliary services such as finance, banking, transportation, insurance, communications, packaging, and warehousing for the smooth functioning of trade and distribution.
3.01.A08.05	3	1	8	5	Eliminate unnecessary intermediations who do not add value in trade between production and consumption and facilitate them to transform as active value creators.
3.01.A08.06	3	1	8	6	Introduce necessary legal reforms and new laws to remove information asymmetry prevailing in the market.
3.01.A08.07	3	1	8	7	Establish, enhance and modernize marketplaces for potential products including gems, jewelry, precious stones, textiles, and handicrafts targeting foreign buyers.
3.01.A08.08	3	1	8	8	Implement a mechanism to resolve, by investigating, trade-related issues faced by micro, small and medium-scale business communities
3.01.A08.09	3	1	8	9	Eliminate price gouging, prevent the creation of shortages of goods, and the formation of monopolies, oligopolies and cartels in the market.
3.01.A08.10	3	1	8	10	Establish an integrated control system to monitor and administer the quality of public services delivered through a centralized information system.
3.01.A09.01	3	1	9	1	Promote the diversification of export of goods and services and provide required infrastructure facilities.
3.01.A09.02	3	1	9	2	Provide necessary facilities to producers and exporters, by providing export credit facilities, certification services, insurance, new market and demand trends, new market innovations, and information on global value chains.
3.01.A09.03	3	1	9	3	Promote trade of goods and services by focusing on India, China, sub-Saharan Africa, the Middle East, and Europe and especially focusing on global supply and value chains.
3.01.A09.04	3	1	9	4	Transform Sri Lanka into a maritime service hub that provides naval services including maritime security, fuel, and food.
3.01.A09.05	3	1	9	5	Develop port facilities to serve as an efficient regional logistic management hub with all facilities to provide services of transshipment, transloading, ship-to-ship cargo transfer, and cross-docking.
3.01.A09.06	3	1	9	6	Establish an international trading hub that facilitates to reduce transaction costs and to increase operational efficiency for merchants to trade goods including crude oil, fuel, gas, mineral products, and spices.
3.01.A09.07	3	1	9	7	Establish a crew member-changing centre for ships navigating across Sri Lanka.
3.01.A09.08	3	1	9	8	Improve technology and infrastructure for ship & vessel building and repairs.
3.01.A09.09	3	1	9	9	Promote production and exports of non-traditional and value-added products.
3.01.A09.10	3	1	9	10	Amend the import policy by considering the importance of the protection of local production, assurance of food security, ease of accessing raw materials for production, priority for essential goods and investment goods and competitive access to imports.
3.01.A09.11	3	1	9	11	Strengthen anti-dumping laws, introduce new fair-trading laws, and update existing regulations.
3.01.A09.12	3	1	9	12	Promote and provide necessary facilities for value-added re-exports and entrepot trading activities without damaging the brand identity and the good image of Sri Lanka.
3.01.A09.13	3	1	9	13	Provide the necessary infrastructure facilities to ensure the quality of imported goods through certification and quality inspection.
3.02.A01.01	3	2	1	1	State support for the local production of all possible food items within the country.
3.02.A01.02	3	2	1	2	Maintaining a sufficient stock of essential food items for at least three months.
3.02.A01.03	3	2	1	3	Maintaining a real time database for existing food stocks in the country.
3.02.A01.04	3	2	1	4	A transport system that can use cold chain management technology as per the requirement for distribution of agricultural products and food.
3.02.A01.05	3	2	1	5	Encouraging cultivation of suitable substitute crops for imported crops.
3.02.A01.06	3	2	1	6	Establishing storage, cold storage, and processing units for agricultural products as public-private-people partnership projects.
3.02.A02.01	3	2	2	1	An updated real time national agricultural database.
3.02.A02.02	3	2	2	2	Encouraging the transformation of small-scale farming organizations into medium and large-scale farming units while maintaining land ownership
3.02.A02.03	3	2	2	3	A systematic agricultural insurance system for farmers.
3.02.A02.04	3	2	2	4	Solutions to minimize crop damage from wildlife (e.g., modern technological methods, electric fence rehabilitation and maintenance, provision of food and water for animals within reserves, elephant traps, and maintaining tree density).
3.02.A02.05	3	2	2	5	Timely renovation of major irrigation systems like tanks, canals, and river diversions.
3.02.A02.06	3	2	2	6	Promotion of technologies like rainwater conservation and micro-irrigation through technical and financial facilities.
3.02.A02.07	3	2	2	7	Technical, financial, and other facilities to double the production of tea within three years.
3.02.A02.08	3	2	2	8	Restarting the Kantale sugar factory and improving sugarcane cultivation.
3.02.A02.09	3	2	2	9	Directing farmers to systematically cultivate commercial crops like coconut, rubber, and cinnamon in unconventional areas
3.02.A03.01	3	2	3	1	Ensuring fair prices for agricultural products through regulating market forces.
3.02.A03.02	3	2	3	2	Financial support to establish 50,000 agricultural entrepreneurs within five years.
3.02.A03.03	3	2	3	3	Development of agro-industrial zones through organized farmer organizations and private sector contributions.
3.02.A03.04	3	2	3	4	Expanding opportunities for small and medium-sized enterprises based on agriculture.
3.02.A03.05	3	2	3	5	Providing technical and financial facilities and market opportunities for small and medium-sized agricultural exporters.
3.02.A03.06	3	2	3	6	Facilitating the development of agriculture-based tourism.
3.02.A03.07	3	2	3	7	Government intervention to enhance the Sri Lankan tea brand (Ceylon Tea) and find high-value markets for it.
3.02.A03.08	3	2	3	8	Establishing 1,000 export villages.
3.02.A03.09	3	2	3	9	A comprehensive farmers’ pension scheme with more benefits.
3.02.A04.01	3	2	4	1	Digital land mapping with an agricultural data system using modern technology for proper land use.
3.02.A04.02	3	2	4	2	Promoting integrated farming systems as crop-animal farming systems to increase land productivity.
3.02.A04.03	3	2	4	3	Utilization of underutilized and marginal lands for agricultural production using new technology.
3.02.A04.04	3	2	4	4	Restricting the use of fertile lands for nonagricultural purposes.
3.02.A05.01	3	2	5	1	Establishing agricultural machinery supply centers at the local level to provide agricultural machinery at concessional rates.
3.02.A05.02	3	2	5	2	Providing agricultural inputs, including fertilizers, at fair prices.
3.02.A05.03	3	2	5	3	Promotion of the use of chemical and organic fertilizers and other agricultural inputs based on good agricultural practices.
3.02.A05.04	3	2	5	4	Produce chemical fertilizers, organic fertilizers, and other agrochemicals in an environmentally friendly manner using local natural raw materials and manufactured wastes.
3.02.A05.05	3	2	5	5	Promoting the production, processing, and marketing of seeds and planting materials through state and private sector support.
3.02.A05.06	3	2	5	6	Providing technical and financial facilities for processing and transportation of agricultural produce.
3.02.A06.01	3	2	6	1	Encouraging farmers to apply fertilizers and other inputs based on site-specific recommendations.
3.02.A06.02	3	2	6	2	Increasing the area of certified organic farming.
3.02.A06.03	3	2	6	3	Transitioning farms to follow “Good Agricultural Practices” progressively.
3.02.A07.01	3	2	7	1	Promoting farmer-administered cooperatives and farm companies.
3.02.A07.02	3	2	7	2	Providing technical, financial, and other facilities for intercropping and diversification in perennial crops like tea, rubber, and coconut.
3.02.A07.03	3	2	7	3	Initiation of value-added manufacturing industries related to the export of agricultural crops to branded export products.
3.02.A07.04	3	2	7	4	Financial facilities to encourage the use of rain guards for rubber plantations and to identify rubber lands not currently used for tapping and redirect them for rubber tapping.
3.02.A07.05	3	2	7	5	Providing loan schemes up to Rs. 1 million per hectare for cultivating high- yielding varieties of semi perennial or perennial crops with micro-irrigation.
3.02.A08.01	3	2	8	1	Developing climate-resilient crop varieties, and using farming, and irrigation techniques for climate variability.
3.02.A08.02	3	2	8	2	Establishment of an improved weather forecasting system to guide cultivation and water management.
3.02.A09.01	3	2	9	1	Equipping extension agents with knowledge and necessary resources to deliver effective extension services.
3.02.A09.02	3	2	9	2	Providing efficient agricultural extension services with one extension officer for approximately 350 farm families.
3.02.A09.03	3	2	9	3	Provision of professional training and direct them for employment to alleviate poverty of the rural communities and economically vulnerable groups.
3.02.A09.04	3	2	9	4	Providing performance-based incentives for agricultural extension officers.
3.02.A09.05	3	2	9	5	Enhancing funding for agricultural research and development.
3.02.A09.06	3	2	9	6	Offering structured vocational education opportunities for agricultural professionals to make agriculture a more dignified and attractive profession.
3.02.A10.01	3	2	10	1	Establishing a national agricultural development council with representatives from all relevant state institutions, private sectors, and universities
3.02.A10.02	3	2	10	2	Regulation and monitoring of all agricultural projects by the Ministry of Agriculture.
3.03.A01.01	3	3	1	1	Maximizing production capacity through modernization of farms
3.03.A01.02	3	3	1	2	Livestock Development Societies where the farm owners are directly involved in the planning and development of the sector
3.03.A01.03	3	3	1	3	Special operational units for animal nutrition, breeding, and health sectors.
3.03.A01.04	3	3	1	4	National program for the control and prevention of widespread animal diseases.
3.03.A01.05	3	3	1	5	A Public Animal Health Division to control diseases transmitted from animals to humans as well as to ensure food security of animal products.
3.03.A01.06	3	3	1	6	Expanding research and development activities in the livestock sector.
3.03.A01.07	3	3	1	7	Innovating livestock research institutions and district veterinary research institutes
3.03.A02.01	3	3	2	1	Transforming small-scale farms into economically viable medium-scale commercial units through mechanization.
3.03.A02.02	3	3	2	2	Developing a large-scale dairy farm system to promote milk production.
3.03.A02.03	3	3	2	3	Establishing 7,500 dairy farms to empower low-income women.
3.03.A02.04	3	3	2	4	Establishing 7,500 dairy farms to strengthen youth entrepreneurship.
3.03.A02.05	3	3	2	5	Doubling the current artificial insemination rates and increasing the number of dairy cattle through advanced technologies
3.03.A02.06	3	3	2	6	Improving efficiency of farm systems through regional veterinary divisions.
3.03.A02.07	3	3	2	7	Implementing successful vaccination programs to eradicate major epidemics.
3.03.A02.08	3	3	2	8	Providing health insurance coverage for registered dairy cattle.
3.03.A03.01	3	3	3	1	Expanding the network of regional distribution centers for pasteurized and fresh milk.
3.03.A03.02	3	3	3	2	Implementing a payment system for dairy farmers based on proper standards
3.03.A03.03	3	3	3	3	Promoting liquid milk consumption through targeted dairy promotion programs.
3.03.A04.01	3	3	4	1	Providing tax relief for livestock and other raw materials to ensure fair prices for eggs and poultry meat.
3.03.A04.02	3	3	4	2	Strengthening the export processes for eggs and poultry meat production.
3.03.A04.03	3	3	4	3	Establishing 5,000 small-scale poultry farms to empower low-income women
4.03.A01.01	4	3	1	1	Appointing a committee of legal experts to review the existing laws and update the laws as necessary.
4.03.A01.02	4	3	1	2	Making the judicial process smoother and more efficient by taking steps to introduce modern technology to the judicial process and providing proper training to the judges and staff.
4.03.A01.03	4	3	1	3	Taking steps to establish Smart courthouses and maintaining soft copies of the judicial reports.
4.03.A01.04	4	3	1	4	Appointment of research officers to assist Judges of Appellate and Original Courts to get accurate, eloquent and prompt results.
4.03.A01.05	4	3	1	5	Establishing an International Arbitration and Conciliation Center for arbitration and conciliation of disputes arising in international commercial transactions within the South Asian region.
4.03.A01.06	4	3	1	6	Development of infrastructure for safe storage of evidence related to criminal law cases.
4.03.A01.07	4	3	1	7	Introducing new laws to expedite the disposal of productions to relevant aggrieved parties before diminishing the market values of the productions.
4.03.A01.08	4	3	1	8	Update the laws related to bail by looking at the present issues in the bail law and bail process.
4.03.A01.09	4	3	1	9	To introduce mechanisms to prioritize and expedite the disposal of cases related to sexual offences committed against minors and women and bring justice to the victims.
4.03.A01.10	4	3	1	10	Establishing provincial branches of the Department of Government Analyst in order to accelerate the judicial process.
4.03.A02.01	4	3	2	1	Establishment of a stolen public asset recovery agency with the technical and advisory support of international organizations such as Stolen Asset Recovery (STAR) and United Nations Office on Drugs and Crime (UNODC) to recover the stolen state assets.
4.03.A02.02	4	3	2	2	Facilitate the Director General of the Bribery Commission with necessary authority to give effect to the International Convention on the Prevention of Corruption and Coordinating the Recovery of Stolen Assets.
4.03.A02.03	4	3	2	3	Appointment of a permanent bench of three Judges of the High Court to streamline cases of financial crimes, bribery, and corruption.
4.03.A02.04	4	3	2	4	Establishment of Anti-Corruption Commission office in every district.
4.03.A02.05	4	3	2	5	Investigate complaints received by the Anti-Corruption Commission within six (06) months or submit a report to Parliament every six (06) months on complaints that are not dealt with.
4.03.A02.06	4	3	2	6	Prepare the necessary laws to bring to justice those who facilitate the protection to those are accused of state financial corruption and consider them too be involved in the wrongdoing.
4.03.A02.07	4	3	2	7	Prioritize legislation to prevent corrupt practices such as financial abuse, bribery, corruption etc.
4.03.A02.08	4	3	2	8	Establishment of a government-sponsored awareness campaign among the public about corruption, fraud and bribery and to empower the public against them.
4.03.A02.09	4	3	2	9	Re-visiting the cases withdrawn by the Bribery Commission and the Attorney General and resubmit appropriate cases.
4.03.A03.01	4	3	3	1	Introducing a Directorate of Public Prosecution (DPP) as a mechanism to eliminate delays within the judicial system and establishing a main DPP office and sub offices in the provinces which will remain independent of the Attorney General’s Department to conduct cases on behalf of the government.
4.03.A03.02	4	3	3	2	Documenting the prosecution guidelines that must be followed by the Attorney General’s Department when prosecuting.
4.03.A03.03	4	3	3	3	Inform the complainants/aggrieved parties about the reasons, in the event the Attorney General’s Department decides not to prosecute after the investigation process.
4.03.A03.04	4	3	3	4	Appointing a special Parliamentary Ombudsman to address the grievances of the aggrieved party regarding the activities of the Attorney General’s Department.
